Model,MAE
Linear,2.6811365005749956
Naive,3.013651877133106
ARIMA,
Prophet,3.094899000706222
